Country;Adjusted net national income per capita (current US$), 2015;GDP per capita, PPP (current international $), 2016;Life expectancy at birth, total (years), 2015;Literacy rate, adult total (% of people ages 15 and above), 2016;Military expenditure (% of central government expenditure), 2015;People using basic drinking water services (% of population), 2015;People using basic sanitation services (% of population), 2015;PM2.5 air pollution, population exposed to levels exceeding WHO guideline value (% of total), 2015;Population, total, 2016;Refugee population by country or territory of origin, 2016;Total alcohol consumption per capita (liters of pure alcohol, projected estimates, 15+ years of age), 2015;Unemployment, total (% of total labor force) (modeled ILO estimate), 2016;Urban population (% of total),2016
Qatar;54019,30478;127522,6711;78,46270732;0;0;100;100;100;2569804;20;1,3;0,226999998;99,317
Luxembourg;58069,14259;105881,7605;82,22926829;0;1,243251801;99,9508;97,61098261;100;582972;0;11,2;5,941999912;90,432
Macao SAR, China;0;104168,7511;83,59490244;96,53849;0;100;0;0;612167;0;0;2,724999905;100
Singapore;42930,34119;87855,58491;82,59512195;97,04959;19,15213307;100;100;100;5607283;33;2,9;1,828999996;100
Brunei Darussalam;27625,28701;77440,88443;77,0667561;0;0;99,513212;96,33040522;0;423196;0;0,8;1,995000005;77,505
United Arab Emirates;35857,97644;72418,61086;77,4842439;0;0;99,63076458;99,97720052;100;9269612;103;4,3;3,690999985;85,804
Ireland;38729,34546;68882,87834;81,50243902;0;1,267708792;98,92163909;92,17795166;31,25;4773095;0;10,9;8,088999748;63,535
Switzerland;65633,0635;62881,46051;83,19756098;0;3,868195348;100;99,89104203;100;8372098;0;10,4;4,583000183;73,99
Norway;61977,72366;59301,67024;82,1;0;3,877729229;100;98,058581;8,78;5232929;0;7;4,806000233;80,734
Hong Kong;0;58552,71222;84,27804878;0;0;100;96,3;0;7346700;5;0;3,421999931;100
United States;48762,10294;57466,78711;78,74146341;0;14,52118363;99,20043461;99,96955086;8,64;323127513;277;9;4,906000137;81,788
North America;47388,53304;56110,00772;79,08222552;0;13,54346712;99,17037854;99,8218935;7,771367584;359479269;353;9,135320832;5,143295384;81,81331509
Saudi Arabia;17429,97656;54430,86113;74,5744878;0;0;99,99289263;100;100;32275687;897;0,2;5,528999805;83,331
Iceland;41709,81687;51398,92651;82,86097561;0;0;100;98,77744156;0;334252;0;6,9;3,75999999;94,23
Netherlands;36632,23897;50898,08869;81,70731707;0;2,819491642;100;97,72696627;100;17018408;27;9,6;6,165999889;91,32
Austria;35511,06692;50077,83261;81,84390244;0;1,436604211;100;99,97337503;100;8747358;0;8,5;6,109000206;66,32
Denmark;45505,26902;49695,96751;81,1;0;2,741931576;100;99,5972302;78,8;5731118;0;10,2;6,051000118;87,847
Sweden;43113,68173;49174,86379;82,55121951;0;3,389833037;100;99,30353361;0;9903122;8;8,7;7,092999935;85,964,
Germany;34786,22988;48729,59042;81,0902439;0;4,19198666;100;99,2191241;99,93;82667685;67;10,6;4,31099987;75,51
Australia;44339,35427;46789,92724;82,45121951;0;7,366696825;99,96870195;100;0,14;24127159;0;12,6;5,737999916;89,554
High income;33537,85392;46704,30331;80,74130969;0;8,210947962;99,45806861;99,41887565;61,77072521;1190029421;12185;9,25573979;6,251332813;81,41498556
Belgium;32189,59189;46383,23696;81,28780488;0;2,207246711;100;99,48606061;100;11348159;44;10,8;8,255999565;97,897
Post-demographic dividend;33711,59238;44602,15954;80,64646234;0;8,210550127;99,40037568;99,11918702;60,19451859;1102730983;299611;9,722843148;6,387111483;81,20951351
Canada;34975,7323;44025,18343;82,12902439;0;5,744921357;98,9;98,5;0,01;36286425;76;10,3;7,072999954;82,6
Finland;34550,80333;43052,7268;81,38536585;0;3,235747304;100;99,44792464;0,1;5495096;0;11,9;8,996999741;84,358
United Kingdom;37441,21225;42608,91939;81,60487805;0;4,875152455;100;99,11270947;89,84;65637239;78;12;4,848999977;82,835
Euro area;28095,73556;41998,67305;82,07022116;0;4,001553929;99,90629075;98,98173221;83,40439202;340894606;1696;9,985064565;10,04752438;76,14270971
OECD members;30434,10329;41730,23596;80,28312399;0;8,132335936;99,33175084;98,26982721;65,78215363;1289937319;76915;9,002927932;6,323928515;80,48743598
Japan;28099,51622;41469,85471;83,84365854;0;5,438062833;98,9455414;100;98,42;126994511;53;7,5;3,135999918;93,928
France;30404,08959;41466,26571;82,67073171;0;4,696314059;100;98,65200403;92,13;66896109;45;11,6;9,965000153;79,75
European Union;26517,65369;39629,49572;81,1263925;0;4,131089285;99,76328114;98,06922396;85,48833182;511497415;35291;10,60886325;8,584465302;75,2562929
New Zealand;31001,54783;39058,6924;81,45682927;0;3,448732384;100;100;0;4692700;25;11,2;5,245999813;86,322
Italy;24414,49931;38160,67359;83,4902439;0;3,24325176;100;99,28144435;100;60600590;44;6,1;11,54100037;69,116
Israel;30435,82201;37901,34697;82,05121951;0;15,2065813;100;100;100;8547100;467;3,1;5,605999947;92,205
Malta;0;37899,21063;81,94634146;0;1,308546274;100;99,96135673;100;436947;0;7,2;5,316999912;95,529
Spain;21127,17105;36309,8443;83,3804878;98,25051;6,062338504;99,94341049;99,90436021;28,11;46443959;29;10,6;19,4470005;79,802
South Korea;21835,24467;35750,76998;82,15585366;0;10,58161289;99,59492443;99,88753714;100;51245707;243;10,9;3,65199995;82,592
Czech Republic;0;34711,28294;79,47317073;0;2,876969742;99,87968019;99,13616018;100;10561633;1266;14,1;4,045000076;72,98
Slovenia;15954,73417;32884,53889;81,07804878;0;2,223818025;99,52328034;99,10727079;100;2064845;15;10,9;8,69299984;49,627
Cyprus;19572,21828;32580,35064;80,29104878;0;4,328526462;100;99,36966086;100;1170125;0;9,1;11,72799969;66,84
Trinidad and Tobago;11800,86418;31907,77772;70,58885366;0;0;96,94055907;92,14651868;100;1364962;295;6,6;3,852999926;8,352
Europe & Central Asia;18335,50862;31022,88485;77,3948729;0;4,981463502;98,09576467;96,02958024;89,39379459;911995305;506692;10,24890183;8,187365018;71,6061615
Slovakia;12530,94577;30631,95391;77,21219512;0;2,730758207;97,925558;98,9281762;100;5428704;792;12,5;9,991000175;53,468
Portugal;15454,45031;30624,17469;81,52195122;0;4,015577536;99,90456968;99,44214277;24,22;10324611;5;12,5;11,15999985;64,17
Lithuania;11734,06763;29966,12707;75,1195122;0;11,85029209;97,38087004;93,62184087;100;2872298;64;16,2;9,18500042;66,512
Estonia;13957,72728;29364,72111;77,13170732;0;0;99,61450486;99,60883236;15,25;1316481;298;0;6,910999775;67,468
Seychelles;0;28391,32835;73,22926829;0;4,339584644;96,2508915;100;100;94677;5;6,7;0;54,214
Poland;10617,13738;27810,51663;78,20487805;0;6,253761028;97,8885955;98,13271295;100;37948016;1144;11,5;6,183000088;60,531
Malaysia;7623,754294;27680,76867;75,22019512;0;8,222079768;96,43380565;99,57400673;86,85;31187265;443;1,7;3,298000097;75,37
Central Europe and the Baltics;9982,615552;27139,72626;77,0269071;0;4,640208743;98,91564439;94,07009132;98,92036441;102974082;34843;12,2780899;6,733904107;62,45838614
Greece;14558,66699;26783,02457;81,58780488;0;4,754521138;100;98,96396396;100;10746740;101;9,3;23,9090004;78,329
St. Kitts and Nevis;0;26685,99418;0;0;0;0;0;0;54821;44;7;0;32,153
Hungary;9650,599229;26680,5941;75,96097561;0;2,146634994;99,97125227;97,98953148;100;9817958;2904;12,4;5,168000221;71,672
Latvia;10506,2741;26031,00442;74,12439024;0;2,464659197;98,59556082;92,8639823;100;1960424;165;10,6;9,883000374;67,361
Equatorial Guinea;4461,428031;25535,10593;57,50839024;0;0;49,59008488;74,53794939;100;1221490;126;8,1;7,334000111;40,103
Kazakhstan;8116,496237;25263,81024;72;0;7,16543697;91,14559003;97,80530797;89,14;17797032;2326;8,2;5,228000164;53,229
Other small states;10049,44267;25022,27443;67,33112903;0;0;84,10435912;63,70365745;93,19999986;29983809;30691;5,586811534;12,3489304;58,84387127
Turkey;8417,224829;24243,92399;75,40709756;95,60142;6,113868587;98,89935342;96,37269351;100;79512426;57885;2,4;10,32900047;73,887
Chile;10590,05248;23960,27015;79,16068293;0;8,78019334;100;99,8882097;99,94;17909754;490;9,3;6,565999985;89,697
Romania;7040,521022;23626,37274;74,96097561;0;4,439466371;100;81,81271859;100;19705301;1190;12,9;6,421000004;54,749
Croatia;9656,599367;23596,24491;77,27560976;0;0;99,58590089;97,46612845;100;4170600;26211;11,7;13,47599983;59,284
Bahamas, The;19814,69715;23173,0333;75,36878049;0;0;97,79174973;92,01119677;100;391232;293;4,2;15,31299973;82,951
Russia;7314,801861;23162,63216;70,90853659;0;15,85751418;96,37505701;88,78669802;89,66;144342396;62737;14,5;5,72300005;74,101
Panama;11183,33701;23014,69004;77,81743902;0;0;95,00022473;76,86704038;90,61;4034119;33;7,7;5,815000057;66,895
Antigua and Barbuda;0;22413,4838;76,07563415;0;0;96,73918628;87,50428238;100;100963;77;3,2;0;23,393
Small states;9127,279506;22035,11737;68,57721416;0;0;86,13826287;68,44230442;88,8677673;39618156;37195;5,557126683;12,22883827;54,61276641
Uruguay;12612,20555;21625,26889;77,13163415;98,52387;8,403941049;99,24911101;95,6749109;85,94;3444006;13;7;8,154000282;95,46
Mauritius;7637,206974;21087,74915;74,35317073;92,7076;0;99,86522415;93,14913303;100;1263473;101;4;7,782999992;39,548
Argentina;11749,00163;19934,37249;76,29302439;98,09;3,399373123;99,62730019;94,83988146;97,33;43847430;115;7,6;6,55700016;91,893
Europe & Central Asia (IDA & IBRD countries);6296,198109;19535,67503;72,94809221;0;10,724931;96,1171266;93,03657757;96,26105279;455372659;500740;10,12282604;7,650735159;64,79734191,,,,,,,,,,,
Bulgaria;5929,725312;19199,07115;74,46585366;0;4,726638357;99,25563508;85,98111231;100;7127822;794;11,3;8,001000404;74,266,,,,,,,,,,,,
Middle East & North Africa;6181,924858;19074,09101;73,32241546;0;0;92,92023398;89,3179655;100;436720722;6097604;0,799709418;11,12096334;64,50663811,,,,,,,,,,,,,
Europe & Central Asia (excluding high income);5899,565919;18783,41033;72,46689195;0;11,56875377;95,94091254;92,56804875;95,91730122;417424643;499596;9,987536629;7,787992257;65,18688936,,,,,,,,,,,
Gabon;5325,639449;18107,59942;65,68441463;0;0;87,54092199;40,93038599;100;1979786;152;11,8;18,50499916;87,366,,,,,,,,,,,,,
Belarus;4985,776768;18060,41295;73,62439024;0;4,56000476;98,0055556;94,25397986;100;9507120;3824;17,1;0,529999971;77,46,,,,,,,,,,,,
Mexico;7836,907476;17861,5687;76,88136585;94,47228;0;98,31047115;89,21839255;99,96;127540423;10367;6,8;4,014999866;79,517,,,,,,,,,,,
Iraq;3996,316273;17353,47924;69,63460976;0;0;86,09833055;85,6592985;100;37202572;315998;0,5;16,04500008;69,592,,,,,,,,,,,,,
Azerbaijan;4537,080499;17253,25603;71,84519512;99,79006;22,62594491;84,37787214;89,34908083;100;9762274;10087;2,1;5,072999954;54,895,,,,,,,,,,,
East Asia & Pacific;7539,644197;16984,85591;75,25604166;0;0;94,04060302;77,06638456;96,9322907;2296786207;1066336;6,70159873;4,275715705;57,52227136,,,,,,,,,,,,
Thailand;4350,78434;16916,48048;75,068;92,86831;7,616111901;98,23114483;95,01129717;100;68863514;143;8,3;0,625999987;51,54,,,,,,,,,,,
Turkmenistan;0;16880,40662;67,64104878;0;0;94,45457734;96,56707336;100;5662544;346;5;8,618000031;50,396,,,,,,,,,,,,,,,
Montenegro;5831,798656;16853,82857;76,86431707;0;0;97,6275668;95,90868712;100;622781;708;11,5;17,49200058;64,223,,,,,,,,,,,,,
Barbados;13072,96307;16815,57034;75,63790244;0;0;98,13116783;96,45610169;100;284996;144;6,5;11,38599968;31,415,,,,,,,,,,,,,
Upper middle income;6362,83954;16746,14464;75,11854968;94,95296;0;95,73934915;81,27578677;95,38254395;2579909675;1217542;7,604236845;6,17711456;65,4545862,,,,,,,,,,,
Botswana;4899,102629;16734,85198;65,75109756;0;0;79,17398525;59,95590634;99,38;2250260;265;7,7;18,37299919;57,71,,,,,,,,,,,,
Arab World;5474,029569;16716,28847;71,02843854;0;0;86,96734012;80,84542534;99,98812778;406452690;7702745;0,838885188;11,32483724;58,9392855,,,,,,,,,,,,
Late-demographic dividend;6407,446173;16624,26798;75,52288235;0;0;95,71023019;80,29956211;94,62858876;2262709895;1138128;8,048566768;5,431650933;60,69807667,,,,,,,,,,,,
Costa Rica;10018,71236;16614,08851;79,60890244;0;0;99,69781668;97,1485496;99,86;4857274;197;5,1;8,998999596;77,675,,,,,,,,,,,,
World;8372,844593;16143,05555;71,88880421;86,24776;8,143683134;88,46304235;68,00544708;91,855426;7442135578;22523968;6,331404808;5,732592054;54,29809173,,,,,,,,,,
China;6097,558892;15534,70194;76,11709756;0;0;95,81802862;75,03727856;100;1378665000;207733;7,6;4,605000019;56,778,,,,,,,,,,,,,
Latin America & Caribbean;7271,818446;15418,22074;75,27120874;0;4,902920503;96,18511813;85,69093704;84,71163279;637664490;420384;7,498399139;8,057520809;80,8037347,,,,,,,,,,,
Palau;0;15373,25924;0;96,59374;0;99,57514402;100;0;21503;0;0;0;87,636,,,,,,,,,,,,,,,,,
Latin America & the Caribbean (IDA & IBRD countries);7227,316758;15328,70227;75,16584183;0;4,902920503;96,19498943;85,5117765;84,32101155;621534921;413967;7,543162765;8,122626145;80,7969073,,,,,,,,,,,
Dominican Republic;5783,832094;15208,91378;73,70368293;91,99121;4,233172746;94,4770736;82,69698174;100;10648791;344;7,6;14,36299992;79,841,,,,,,,,,,,
Brazil;7720,15665;15127,8101;75,19912195;0;3,729029759;97,49794257;86,14835205;55,8;207652865;793;9,1;11,45199966;85,933,,,,,,,,,,,
Macedonia;0,0;15121,25165;75,52431707;0;0;96,77404592;90,91120301;100;2081206;1705;5,7;26,72800064;57,204,,,,,,,,,,,,,
Caribbean small states;7327,692007;15080,9115;73,04810113;0;0;95,02818915;87,17237335;99,85198621;7245472;5622;6,232862167;11,21290068;42,57049657,,,,,,,,,,,,
Algeria;3431,620956;15074,92481;75,85529268;0;0;93,46642653;87,48768636;100;40606052;3675;0,6;11,22200012;71,304,,,,,,,,,,,,,
Latin America & Caribbean (excluding high income);7044,975458;14920,62661;75,13039619;0;4,636965866;96,04453553;85,11644547;84,11198359;610136397;418973;7,450478847;8,08538748;79,83025766,,,,,,,,,,,
Serbia;4152,770469;14511,79145;75,48780488;98,84151;0;91,18245316;94,64288939;100;7057412;36898;12,9;16,53000069;55,668,,,,,,,,,,,,
Colombia;5035,874499;14157,63404;74,15619512;94,24505;11,29822271;96,52202969;84,4391972;96;48653419;311051;6,6;9,871999741;76,708,,,,,,,,,,,
Suriname;6894,289232;14146,34264;71,28619512;0;0;94,68094181;79,21919843;99,99;558368;16;6,5;9,982000351;66,15,,,,,,,,,,,,
East Asia & Pacific (IDA & IBRD countries);5096,959011;13999,98325;74,38078;0;0;93,39264118;74,5696328;98,11037566;2026028438;1064568;6,490008116;4,348596608;53,81906235,,,,,,,,,,,,
Lebanon;6479,953201;13995,65225;79,4982439;0;19,58799344;92,25819239;95,35936538;100;6006668;4709;2,2;6,78399992;87,914,,,,,,,,,,,,
Nauru;0;13970,15431;0;0;0;100;65,59552643;0;13049;0;3;0;100,,,,,,,,,,,,,,,,,,,
Grenada;0;13927,50344;73,49953659;0;0;95,62865044;78,30225647;100;107317;100;10,4;0;35,616,,,,,,,,,,,,,,,
East Asia & Pacific (excluding high income);5043,244167;13853,03524;74,34183078;0;0;93,469983;74,60082662;98,1311231;2051431154;1065977;6,464246302;4,347589857;53,90900642,,,,,,,,,,,,
South Africa;4671,397651;13225,43723;61,93409756;94,36792;3,065248261;84,69726547;73,12882437;99,87;55908865;427;11,5;25,92700005;65,295,,,,,,,,,,
Maldives;6545,218412;13198,88003;77,12026829;0;0;97,88197985;95,86881806;100;417492;48;1;3,233999968;46,54,,,,,,,,,,,,,,
Peru;5029,507348;13022,01745;74,71341463;94,17367;8,167624792;89,86763835;76,8155252;99,99;31773839;2589;5,2;4,946000099;78,924,,,,,,,,,,
IBRD only;4451,091503;12873,15879;72,55544022;0;0;92,53640529;70,25265926;96,83911553;4697247117;2001242;6,273817311;5,574815877;53,66304887,,,,,,,,,,,,
Sri Lanka;3570,295369;12316,16411;74,98895122;0;14,13992634;92,31186429;94,20667369;100;21203000;117447;4,5;4,980999947;18,407,,,,,,,,,,,,
Mongolia;3003,480058;12220,39348;69,11587805;0;0;83,21989314;59,2215303;91,67;3027398;2267;7,8;6,69299984;72,823,,,,,,,,,,,,
Bosnia and Herzegovina;3958,975796;12074,75236;76,64029268;0;2,710817376;97,66018613;94,78209924;100;3516816;18179;7,5;25,76099968;39,94,,,,,,,,,,,,
Albania;3460,390369;11928,53656;78,20314634;0;4,754541077;91,39433316;97,69065534;100;2876101;11050;6,6;16,33300018;58,376,,,,,,,,,,,,
Indonesia;2947,561671;11612,06637;69,03863415;95,37697;6,119343293;89,52403041;67,88660816;88,91;261115456;13046;0,6;5,599999905;54,466,,,,,,,,,,
St. Vincent and the Grenadines;5294,628681;11605,61029;73,06495122;0;0;95,1452199;87,1843449;100;109643;1330;7,2;19,31100082;50,899,,,,,,,,,,,,,
Tunisia;2934,309473;11598,54859;75,49704878;0;0;94,23021796;93,1278284;100;11403248;1667;1,2;14,78600025;67,47,,,,,,,,,,,,,
St. Lucia;7159,16823;11545,77584;75,2835122;0;0;98,16245367;90,90809761;100;178015;993;10,4;19,75900078;18,54,,,,,,,,,,,,,
Middle income;3899,188647;11381,77594;71,13718238;85,64068;0;90,16362874;66,4042455;97,25699129;5592833481;9324443;5,837045322;5,630581392;51,36659273,,,,,,,,,,,
Ecuador;5143,876497;11286,17413;76,0815122;94,35023;0;92,60993222;86,13821596;91,77;16385068;1021;6,1;5,361000061;63,976,,,,,,,,,,,
Egypt;3177,085242;11131,71648;71,29565854;0;0;98,35749916;93,16947984;100;95688681;19742;0,3;12,01399994;43,222,,,,,,,,,,,,,
Dominica;5493,230173;10975,06471;0;0;0;96,5;77,8927615;100;73543;20;6,6;0;69,82,,,,,,,,,,,,,,,
Namibia;4224,397113;10584,96281;63,63643902;0;12,52894912;78,7872086;33,83676724;96,43;2479713;1348;11,8;25,58799934;47,625,,,,,,,,,,,
IDA & IBRD total;3622,965437;10537,78622;70,24842028;0;0;86,43506865;62,32388419;97,46349661;6271593092;16750699;5,764156518;5,63676162;49,31900657,,,,,,,,,,,,
Low & middle income;3544,209533;10357,73294;70,19326103;0;0;86,38663922;62,10669116;97,46255152;6252106157;16853714;5,703489726;5,624675465;49,23727513,,,,,,,,,,,,
Kosovo;0;10066,39361;71,34634146;0;0;97;91;0;1816200;0;0;0;0,,,,,,,,,,,,,,,,,,,
Georgia;3243,753305;9996,935415;72,96612195;0;9,264437221;93,26352694;84,87671725;100;3719300;6365;6,7;11,57699966;53,826,,,,,,,,,,,,
Paraguay;3287,063972;9576,561654;73,04297561;95,0727;6,601639255;98,88534157;91,22222482;99,97;6725308;63;9,6;5,436999798;59,924,,,,,,,,,,
Fiji;3967,751109;9560,525;70,22426829;0;0;93,71244712;95,67704656;0;898760;791;3,2;7,934999943;54,99,,,,,,,,,,,,,
Early-demographic dividend;2780,84499;9136,609659;69,52779013;0;0;87,65776728;58,57926212;98,84959876;3170542188;7007577;3,635537448;5,525227408;44,57699651,,,,,,,,,,,,
Jordan;3674,498343;9050,071964;74,19102439;0;16,28672818;98,56668018;96,70805802;100;9455802;1889;0,7;13,24100018;83,905,,,,,,,,,,,,
Jamaica;4459,881183;8834,819084;75,80668293;0;2,763493131;92,91854636;85,37371383;100;2881355;1988;5,1;13,25800037;55,3,,,,,,,,,,,,
Armenia;3224,041673;8817,953996;74,20619512;0;16,9041748;98,92365243;91,58276665;100;2924816;10687;5,5;16,75900078;62,558,,,,,,,,,,,,
Bhutan;2049,508513;8743,985571;69,80712195;0;0;97,55866085;62,87050065;99,83;797765;11732;1,1;2,384000063;39,377,,,,,,,,,,,,
El Salvador;3532,059397;8619,068674;73,00309756;87,96985;4,64827244;93,01307096;91,12507367;100;6344722;19595;3,5;6,287000179;67,189,,,,,,,,,,,
Belize;3838,694972;8448,043456;70,31097561;0;0;97,12880364;87,1572023;100;366954;53;8,3;11,0340004;43,845,,,,,,,,,,,,,
Swaziland;2469,675537;8342,709639;56,91236585;0;0;67,62608877;58,02583569;100;1343098;219;6,4;25,28100014;21,315,,,,,,,,,,,,,
Ukraine;1805,299557;8271,779979;71,1895122;0;10,63256995;97,73177956;95,93784236;100;45004645;239048;11,8;8,873999596;69,915,,,,,,,,,,,,
Guatemala;3298,571138;7946,771619;73,04297561;0;0;93,59769747;67,36292035;100;16582469;12534;3,9;2,377000093;52,3,,,,,,,,,,,,,
Morocco;2503,577456;7837,904438;75,52014634;0;0;82,96999532;83,46606769;100;35276786;2230;0,7;9,982999802;60,685,,,,,,,,,,,,,
Guyana;3683,282851;7818,900522;66,53936585;0;0;95,07132299;86,16405304;98,63;773303;269;8,6;11,43500042;28,661,,,,,,,,,,,,
Philippines;3187,841087;7806,211272;69,00985366;0;8,076604205;90,5029776;74,9769045;100;103320222;421;5,6;5,875999928;44,289,,,,,,,,,,,,
Bolivia;2426,593028;7236,089471;68,74980488;92,45508;0;92,88162636;52,61402673;100;10887882;515;5,8;3,709000111;68,911,,,,,,,,,,,,
Lower middle income;1773,156695;6799,762434;67,7051777;76,35028;0;85,30270535;53,575469;98,87389158;3012923806;8106901;4,07889829;5,020437554;39,6465737,,,,,,,,,,,
India;1379,144432;6572,336719;68,33260976;0;0;87,55914016;44,15112275;99,99;1324171354;7243;4,6;3,457999945;33,136,,,,,,,,,,,,
Cabo Verde;0;6553,034369;72,43517073;86,79029;0;86,45935273;65,20696389;100;539560;0;7,2;10,52000046;66,187,,,,,,,,,,,,,
Uzbekistan;1962,414913;6514,326071;71,14568293;99,98383;0;91;100;100;31848200;3809;4,8;8,895000458;36,479,,,,,,,,,,,,,,
Angola;1817,830686;6499,067104;61,18934146;0;14,91639468;41,00586762;39,42942284;100;28813463;8363;7,6;6,578999996;44,819,,,,,,,,,,,,
Vietnam;1735,738518;6424,133768;75,89119512;0;0;91,19176624;78,23744781;100;92701100;329331;8,7;2,177999973;34,236,,,,,,,,,,,,,
Samoa;3421,234845;6345,264119;74,83870732;0;0;95,51433622;96,62010695;0;195125;0;0;7,162000179;18,955,,,,,,,,,,,,,,
Lao PDR;0;6186,084162;66,28404878;0;0;80,44735551;72,59428683;100;6758353;7224;7,5;1,483999968;39,654,,,,,,,,,,,,,,
South Asia;1365,404769;6063,657678;68,48545298;0;0;88,16075345;46,4977898;99,99208944;1766383450;2765416;3,641382667;3,84816092;33,45644204,,,,,,,,,,,,
South Asia (IDA & IBRD);1365,404769;6063,657678;68,48545298;0;0;88,16075345;46,4977898;99,99208944;1766383450;2765416;3,641382667;3,84816092;33,45644204,,,,,,,,,,,,
Nigeria;2223,809349;5867,141985;52,97792683;0;0;67,34496767;32,600957;100;185989640;229261;11,3;5,005000114;48,597,,,,,,,,,,,,,
Pacific island small states;3157,65561;5860,976086;70,75254202;0;0;84,51687513;70,77586313;0;2388875;882;2,484091022;14,44688176;38,3060494,,,,,,,,,,,,,
Myanmar;1058,029022;5772,895394;66,38563415;75,5512;0;67,53664134;64,69647377;100;52885223;490265;0,7;0,805999994;34,65,,,,,,,,,,,,
Tonga;3783,804682;5752,310637;72,84017073;0;0;99,90588051;93,46756406;0;107122;25;2,1;4,864999771;23,801,,,,,,,,,,,,,
Congo Brazzaville;1097,008496;5718,788841;64,09073171;0;0;68,34045687;15,00932852;100;5125821;13231;3,9;11,18700027;65,798,,,,,,,,,,,,,
Nicaragua;1814,706551;5541,277284;75,038;0;4,870066641;82,25617046;76,34918523;100;6149928;1409;4,6;5,892000198;59,107,,,,,,,,,,,,
Moldova;1855,852227;5333,614925;71,37121951;0;1,043500852;86,69334497;78,39894398;100;3552000;2291;17,4;4,982999802;45,89,,,,,,,,,,,,
Pakistan;1431,151943;5249,288036;66,33217073;0;0;88,54555632;58,25140423;100;193203476;105376;0,1;5,869999886;39,224,,,,,,,,,,,,,
IDA blend;1692,007712;5173,062484;61,35832808;0;0;74,54127008;46,68263794;99,30787707;521159393;395033;5,211715884;6,257422433;41,77115507,,,,,,,,,,,,
Honduras;1973,69182;4738,079453;73,32460976;88,98748;6,870060587;92,17872102;79,77644697;100;9112867;10479;4;6,28399992;55,315,,,,,,,,,,,,
Sudan;2015,736295;4730,292058;64,22941463;0;0;58,93144857;34,58610454;100;39578828;650588;2,7;13,30200005;34,7,,,,,,,,,,,,,
Ghana;880,054472;4293,57285;62,4072439;0;0;77,79930236;14,27950593;100;28206728;15507;5,4;5,765999794;54,682,,,,,,,,,,,,,
Fragile and conflict affected situations;1254,002996;4208,204737;62,04935535;0;0;61,96235921;41,31343712;98,34970622;505635987;14270292;2,475920815;8,531604829;41,32265286,,,,,,,,,,,,
Marshall Islands;0;4072,354487;0;0;0;78,161344;86,89305434;0;53066;0;0;0;72,94,,,,,,,,,,,,,,,,,
Zambia;966,8884087;3922,335309;61,33958537;0;0;61,22530759;31,11180988;100;16591390;246;4;7,53000021;41,379,,,,,,,,,,,,,,
Mauritania;0;3853,534663;63,04636585;0;0;69,60767873;44,62062434;100;4301018;36228;0,1;11,65699959;60,446,,,,,,,,,,,,,,
Pre-demographic dividend;1187,356674;3757,497374;59,50281022;0;0;58,25303382;30,18321904;99,36149741;879292453;8420438;5,660064727;6,693815912;39,10219767,,,,,,,,,,,,
Cambodia;974,6447667;3735,478623;68,47204878;0;18,21767301;74,97079565;48,82544927;100;15762370;12408;6,1;0,264999986;20,945,,,,,,,,,,,,
Cote d'Ivoire;1150,530132;3719,624562;53,0782439;0;0;73,05741557;29,93183806;99,98;23695919;46741;6,5;9,32199955;54,869,,,,,,,,,,,,
Sub-Saharan Africa;1233,807345;3710,744957;59,90182611;0;0;57,54285947;28,25969288;99,44326764;1033106135;6009114;6,343819073;7,36309897;38,26772557,,,,,,,,,,,,
Sub-Saharan Africa (IDA & IBRD countries);1233,807345;3710,744957;59,90182611;0;0;57,54285947;28,25969288;99,44326764;1033106135;6009114;6,343819073;7,36309897;38,26772557,,,,,,,,,,,,
Sub-Saharan Africa (excluding high income);1232,908055;3708,482579;59,90058785;0;0;57,5392631;28,25302748;99,44321591;1033011458;6009109;6,34377305;7,36309897;38,26626407,,,,,,,,,,,,
Tuvalu;0;3651,97748;0;0;0;99,257736;91,41039809;0;11097;0;1,3;0;60,62,,,,,,,,,,,,,,,,
IDA total;1135,639088;3611,298947;63,27507351;0;0;67,58903581;38,33010784;99,35284785;1574345975;14749457;3,816876337;5,855797308;36,34307411,,,,,,,,,,,,
Micronesia, Fed. Sts.;0;3593,228034;69,04663415;0;0;88,3524592;0;0;104937;0;3,5;0;22,481,,,,,,,,,,,,,,,
Bangladesh;1173,028546;3580,694128;72,22160976;72,75872;16,21457869;97,32714248;46,92459323;100;162951560;13810;0,2;4,065999985;35,35,,,,,,,,,,,
Kyrgyzstan;821,452876;3551,152704;70,65121951;0;15,72855306;87,2686387;96,58607827;98,93;6082700;2546;3,9;7,68599987;35,85,,,,,,,,,,,
Cameroon;1054,501046;3285,731599;57,5575122;0;0;65,27996628;38,83498513;100;23439189;10328;7,7;4,506999969;54,938,,,,,,,,,,,,,
Sao Tome and Principe;0;3229,058078;66,41665854;0;0;79,69705854;40,10276968;100;199910;26;6,8;13,59799957;65,647,,,,,,,,,,,,,,
Kenya;1010,327256;3155,94041;66,64565854;0;6,074075785;58,45677672;29,84467981;98,93;48461567;7506;4;10,99800014;26,55,,,,,,,,,,,,
Vanuatu;0;3081,372381;71,98490244;0;0;90,50425522;53,46828554;0;270402;0;1,2;5,359000206;26,441,,,,,,,,,,,,,,
Lesotho;0;3029,335431;53,57009756;0;0;71,59287175;43,79110608;100;2203821;5;6,4;27,42300034;27,84,,,,,,,,,,,,,,
Tajikistan;971,9234244;2980,090352;71,00712195;0;0;74,13972956;95,49214151;100;8734951;910;2,4;10,81900024;26,891,,,,,,,,,,,,,
West Bank and Gaza;0;2943,404534;73,30168293;96,93023;0;87,64586102;95,95164871;100;4551566;97749;0;24,93899918;75,481,,,,,,,,,,,,,,
IDA only;852,6390835;2822,842595;64,22299397;0;0;64,3561655;34,19139351;99,37512904;1053186582;14354424;3,108735523;5,686432616;33,65239971,,,,,,,,,,,,
Tanzania;779,1602238;2786,666719;64,90331707;77,88723;7,339368828;50,14528001;23,53406597;99,99;55572201;554;8,1;2,618999958;32,316,,,,,,,,,,
Least developed countries: UN classification;792,2563122;2612,976547;64,0646819;0;0;61,79446786;32,16136228;99,38131668;979387925;8760534;3,087258879;5,453155144;32,890515,,,,,,,,,,,,
Senegal;761,7482967;2567,80042;66,66143902;0;6,725642064;75,18863166;48,35813633;100;15411614;23019;0,5;9,482000351;44,65,,,,,,,,,,,,
Yemen;1279,98096;2508,128228;64,72568293;0;0;70,35886323;59,68267989;100;27584213;18396;0,2;17,05699921;35,187,,,,,,,,,,,,,
Nepal;691,3072057;2467,841139;69,86985366;0;9,647582622;87,74666809;46,1265906;99,98;28982771;8350;2,1;3,213000059;18,995,,,,,,,,,,,
Heavily indebted poor countries (HIPC);691,2913357;2246,441792;61,6223619;0;0;54,71183739;24,83543166;99,31928893;744602976;6850296;4,424356238;6,232460996;35,7325444,,,,,,,,,,,,
Solomon Islands;1375,922358;2235,899993;70,47668293;0;0;64,03405938;31,26703902;0;599419;66;1,6;31,4260006;22,779,,,,,,,,,,,,,
Benin;652,6733264;2168,210407;60,58468293;0;0;67,0172867;13,93011225;100;10872298;464;2,2;1,004999995;44,395,,,,,,,,,,,,,
Mali;0;2117,218178;57,45770732;33,06889;19,22494979;74,26804958;31,26833404;100;17994837;156390;1;8,097000122;40,683,,,,,,,,,,,,,
Kiribati;2897,116657;2047,231611;66,05219512;0;0;64,39232856;39,77286044;0;114395;0;2,9;0;44,447,,,,,,,,,,,,,,
Zimbabwe;746,6736181;2006,374724;60,27934146;0;0;66,56310131;38,58861882;100;16150362;18116;4,8;5,090000153;32,277
Chad;631,2590649;1991,247916;52,55395122;22,31155;0;42,53760447;9,548387843;100;14452543;14146;4,4;5,784999847;22,618,,,,,,,,,,,,
Rwanda;0;1913,402063;66,62087805;0;7,661269982;56,71010797;62,34782504;100;11917508;286033;10;2,52699995;29,775,,,,,,,,,,,,,,
Afghanistan;505,9608612;1876,544682;63,29819512;0;0;62,98020808;39,22043325;100;34656032;2501410;1;8,539999962;27,132,,,,,,,,,,,,,,
Uganda;0;1848,786757;59,5087561;0;14,70432596;38,92146587;19,15095459;100;41487965;6189;10,5;2,280999899;16,444,,,,,,,,,,,,,
Haiti;766,4158324;1784,182184;63,01078049;0;0;64,17431898;30,54379074;100;10847334;29661;5,9;13,18500042;59,794,,,,,,,,,,,,,
Ethiopia;449,4480703;1734,918233;65,00829268;0;0;39,12426158;7,07891807;100;102403196;83894;4,3;5,735000134;19,922,,,,,,,,,,,,,
Burkina Faso;0;1720,121585;59,84465854;0;9,477411048;53,85759552;22,53208118;100;18646433;2327;7,4;2,984999895;30,688,,,,,,,,,,,,,
Gambia, The;0;1689,07559;60,95743902;0;0;80,05859802;41,69376093;100;2038501;11569;3,2;29,69499969;60,224,,,,,,,,,,,,,
Low income;494,3473749;1683,438063;62,06047438;60,58161;0;54,03782848;25,09053288;99,23313102;659272676;7529271;4,190386294;5,570902965;31,17941844,,,,,,,,,,,
Guinea-Bissau;0;1581,710425;56,95039024;0;0;69,19660863;21,46600375;100;1815698;1635;4,3;6,528999805;50,94,,,,,,,,,,,,,,
Comoros;0;1522,255706;63,46068293;0;0;83,70118759;34,16603722;100;795601;557;0,2;19,95700073;28,412,,,,,,,,,,,,,,
Madagascar;0;1506,009345;65,50782927;0;0;50,6213902;9,69366814;98,74;24894551;277;1,9;2,134000063;35,741,,,,,,,,,,,,,
Togo;351,9125299;1490,926523;59,92370732;63,74562;6,594355173;62,81763777;13,94848231;100;7606374;8286;1,9;6,794000149;40,463,,,,,,,,,,,
Sierra Leone;0;1473,403805;51,41285366;0;0;58,09139672;14,53588501;99,97;7396190;4628;8,2;2,994999886;40,318,,,,,,,,,,,,,
Guinea;0;1310,687204;59,39895122;0;0;67,37254732;21,95227203;99,88;12395924;17526;0,7;6,847000122;37,651,,,,,,,,,,,,,
Mozambique;422,2638577;1217,111397;57,60926829;0;0;47,25874511;23,56073218;99,66;28829476;33;2;24,36800003;32,508,,,,,,,,,,,,,
Malawi;249,2339202;1169,313739;62,54336585;62,14354;3,722600486;67,19508468;43,52960545;99,58;18091575;407;2,5;6,735000134;16,454,,,,,,,,,,
Niger;297,2284474;978,4021911;59,68187805;0;0;45,83537798;12,93732773;100;20672987;1210;0,3;2,634000063;19,1,,,,,,,,,,,,,
Liberia;0;812,8867372;61,98021951;0;0;69,90047658;16,88947781;2,82;4613823;6513;5,2;4,001999855;50,1,,,,,,,,,,,,,
Congo (Kinshasa);330,8387803;800,7515654;59,17321951;77,04268;0;41,83799362;19,71368663;100;78736153;537429;3,4;3,635999918;43,15,,,,,,,,,,,,
Burundi;0;777,9565012;57,06934146;0;0;55,93411981;50,46031707;100;10524117;408036;9,8;1,598999977;12,359,,,,,,,,,,,,,,
Central African Republic;0;698,8896075;51,37785366;0;0;54,14386029;25,08699975;100;4594621;490869;3,8;6,867000103;40,332,,,,,,,,,,,,,,
American Samoa;0;0;0;0;0;99,23164;62,23292681;0;55599;0;0;0;87,148,,,,,,,,,,,,,,,,,,
Andorra;0;0;0;100;0;100;100;35,11;77281;0;9,1;0;84,612,,,,,,,,,,,,,,,,,,
Aruba;0;0;75,59434146;0;0;97,86902338;97,54348112;0;104822;0;0;0;41,304,,,,,,,,,,,,,,,,,
Bahrain;16492,48583;50719;76,86519512;0;0;100;100;100;1425171;446;2,4;1,281000018;88,835,,,,,,,,,,,,,,,,
Bermuda;0;0;81,01219512;0;0;99,90314002;99,90314002;0;65331;0;0;0;100,,,,,,,,,,,,,,,,,,
British Virgin Islands;0;0;0;0;0;99,86438356;96,85797948;0;30661;0;0;0;46,502,,,,,,,,,,,,,,,,,,
Cayman Islands;0;0;0;0;0;96,125;95,55;0;60765;6;0;0;100,,,,,,,,,,,,,,,,,,,
Channel Islands;0;0;80,88526829;0;0;94,15;98,5;0;164541;0;0;8,68200016;31,577,,,,,,,,,,,,,,,,
Cuba;0;0;79,54370732;0;0;95,17550602;90,81850737;100;11475982;5925;5,5;2,914999962;77,184,,,,,,,,,,,,,,,
Curacao;0;0;0;0;0;99,37274522;98,81862531;0;159999;35;0;0;89,241,,,,,,,,,,,,,,,,,,
Djibouti;0;0;62,24982927;0;0;76,92248362;51,37805815;100;942333;1417;0,9;6,605000019;77,43,,,,,,,,,,,,,,,
Eritrea;0;0;64,62439024;0;0;19,29033047;11,25752675;100;0;459390;1,4;7,267000198;0,,,,,,,,,,,,,,,,
Faroe Islands;0;0;81,63414634;0;0;100;90,88347572;0;49117;0;0;0;42,187,,,,,,,,,,,,,,,,,,
French Polynesia;0;0;76,6915122;0;0;100;96,85461383;0;280208;0;0;17,89800072;55,802,,,,,,,,,,,,,,,,,
Gibraltar;0;0;0;0;0;99,61827037;0;0;34408;0;0;0;100,,,,,,,,,,,,,,,,,,,,
Greenland;0;0;0;100;0;100;99,33684017;0;56186;0;0;0;86,808,,,,,,,,,,,,,,,,,,,
Guam;0;0;79,37763415;0;0;99,6952;90,35076551;0;162896;0;0;10,84300041;94,593,,,,,,,,,,,,,,,,
Iran;0;19256;75,74263415;0;0;94,86619973;88,28982193;100;80277428;94042;1;11,26900005;73,879,,,,,,,,,,,,,,,,
Isle of Man;0;0;0;0;0;96,2599681;0;0;83737;0;0;0;52,281,,,,,,,,,,,,,,,,,,,
North Korea;0;0;71,2387561;0;0;99,6245586;77,13465119;100;25368620;1409;4,4;4,276000023;61,48,,,,,,,,,,,,,,,
Kuwait;27245,57187;71878;74,74682927;95,68545;9,240070289;100;100;100;4052584;1008;0,1;2,438999891;98,358,,,,,,,,,,,,,,
Libya;0;6268;71,83039024;0;0;96,75;99,7;100;6293253;8796;0;19,21999931;78,754,,,,,,,,,,,,,,,,
Liechtenstein;0;0;82,07317073;0;0;100;99,95;0;37666;0;0;0;14,283,,,,,,,,,,,,,,,,,,
Middle East & North Africa (excluding high income);0;0;72,7953708;0;0;91,84837359;87,53815967;100;373719055;6094643;0,676289299;12,58814377;60,82287904,,,,,,,,,,,,,,,
Middle East & North Africa (IDA & IBRD countries);0;0;72,78920326;0;0;91,89956566;87,43567243;100;369167489;5996894;0,676289299;12,46216023;60,6421551,,,,,,,,,,,,,,,
Monaco;0;0;0;0;0;100;100;0;38499;0;0;0;100,,,,,,,,,,,,,,,,,,,,,
New Caledonia;0;0;77,77317073;0;0;98,98485825;100;0;278000;0;0;14,86100006;70,738,,,,,,,,,,,,,,,,,
Northern Mariana Islands;0;0;0;0;0;99,25531493;78,83759201;100;55023;0;0;0;89,209,,,,,,,,,,,,,,,,,,
Not classified;0;0;0;0;0;0;0;0;0;0;0;0;0,,,,,,,,,,,,,,,,,,,,,
Oman;10651,24871;0;77,12182927;93,03861;0;90,943688;99,31807583;100;4424762;20;0,9;17,52199936;78,88,,,,,,,,,,,,,
Papua New Guinea;0;0;65,38770732;0;2,25241181;36,59633202;18,6041702;65,38;8084991;391;3,1;2,489000082;13,39,,,,,,,,,,,,,
Puerto Rico;0;0;79,59612195;0;0;97,11718534;97,15727148;100;3411307;0;0;12,62699986;93,569,,,,,,,,,,,,,,,,
San Marino;0;0;0;0;0;100;100;0;33203;0;0;0;94,216,,,,,,,,,,,,,,,,,,,,
Sint Maarten (Dutch part);0;0;0;0;0;95,5;98,72001072;0;40005;0;0;0;100,,,,,,,,,,,,,,,,,,,
Somalia;0;434;55,87285366;0;0;40,00243322;16,19141579;99,66;14317996;1012277;0,5;6,619999886;40,3,,,,,,,,,,,,,,
South Sudan;551,7038978;4385;56,30258537;0;0;50,41121109;10,35011306;100;12230730;1436667;0;15;19,3,,,,,,,,,,,,,,,,
St. Martin (French part);0;0;79,47073171;0;0;0;0;0;31949;0;0;0;0,,,,,,,,,,,,,,,,,,,,
Syrian Arab Republic;0;0;70,25265854;0;0;96,74485039;92,94715294;100;18430453;5524333;1,4;14,31200027;58,61,,,,,,,,,,,,,,,
Timor-Leste;2141,213014;0;68,58002439;0;3,17139201;70,22330007;44,01105596;97,55;1268671;14;1,2;4,019000053;33,401,,,,,,,,,,,,
Turks and Caicos Islands;0;0;0;0;0;94,31818182;87,98863636;0;34900;14;0;0;92,502,,,,,,,,,,,,,,,,,,
Venezuela;0;13761;74,3915122;97,12709;0;97,41722394;94,93438957;99,97;31568179;7513;8,3;6,899000168;89,43,,,,,,,,,,,,,
Virgin Islands (U.S.);0;0;79,87317073;0;0;99,9964;97,59876782;100;102951;0;0;9,107999802;95,459,,,,,,,,,,,,,,,,
Data from database: World Development Indicators;;;;;;;;;;;;;,,,,,,,,,,,,,,,,,,,,,
